id,currency,currency code,validfrom,validto
1,UAE Dirham,AED,2019-01-01 00:01:00+00,
2,Lek,ALL,2019-01-01 00:01:00+00,
3,Armenian Dram,AMD,2019-01-01 00:01:00+00,
4,Kwanza,AOA,2019-01-01 00:01:00+00,
5,Argentine Peso,ARS,2019-01-01 00:01:00+00,
6,Australian Dollar,AUD,2019-01-01 00:01:00+00,
7,Aruban Florin,AWG,2019-01-01 00:01:00+00,
8,Azerbaijan Manat,AZN,2019-01-01 00:01:00+00,
9,Convertible Mark,BAM,2019-01-01 00:01:00+00,
10,Barbados Dollar,BBD,2019-01-01 00:01:00+00,
11,Taka,BDT,2019-01-01 00:01:00+00,
12,Bulgarian Lev,BGN,2019-01-01 00:01:00+00,
13,Bahraini Dinar,BHD,2019-01-01 00:01:00+00,
14,Burundi Franc,BIF,2019-01-01 00:01:00+00,
15,Bermudian Dollar,BMD,2019-01-01 00:01:00+00,
16,Brunei Dollar,BND,2019-01-01 00:01:00+00,
17,Boliviano,BOB,2019-01-01 00:01:00+00,
18,Brazilian Real,BRL,2019-01-01 00:01:00+00,
19,Bahamian Dollar,BSD,2019-01-01 00:01:00+00,
20,Ngultrum,BTN,2019-01-01 00:01:00+00,
21,Pula,BWP,2019-01-01 00:01:00+00,
22,Belarusian Ruble,BYN,2019-01-01 00:01:00+00,
23,Belize Dollar,BZD,2019-01-01 00:01:00+00,
24,Canadian Dollar,CAD,2019-01-01 00:01:00+00,
25,Congolese Franc,CDF,2019-01-01 00:01:00+00,
26,Swiss Franc,CHF,2019-01-01 00:01:00+00,
27,Chilean Peso,CLP,2019-01-01 00:01:00+00,
28,Yuan Renminbi,CNY,2019-01-01 00:01:00+00,
29,Colombian Peso,COP,2019-01-01 00:01:00+00,
30,Costa Rican Colon,CRC,2019-01-01 00:01:00+00,
31,Cuban Peso,CUP,2019-01-01 00:01:00+00,
32,Cabo Verde Escudo,CVE,2019-01-01 00:01:00+00,
33,Czech Koruna,CZK,2019-01-01 00:01:00+00,
34,Djibouti Franc,DJF,2019-01-01 00:01:00+00,
35,Danish Krone,DKK,2019-01-01 00:01:00+00,
36,Dominican Peso,DOP,2019-01-01 00:01:00+00,
37,Algerian Dinar,DZD,2019-01-01 00:01:00+00,
38,Egyptian Pound,EGP,2019-01-01 00:01:00+00,
39,Nakfa,ERN,2019-01-01 00:01:00+00,
40,Ethiopian Birr,ETB,2019-01-01 00:01:00+00,
41,Euro,EUR,2019-01-01 00:01:00+00,
42,Fiji Dollar,FJD,2019-01-01 00:01:00+00,
43,Pound Sterling,GBP,2019-01-01 00:01:00+00,
44,Lari,GEL,2019-01-01 00:01:00+00,
45,Ghana Cedi,GHS,2019-01-01 00:01:00+00,
46,Dalasi,GMD,2019-01-01 00:01:00+00,
47,Guinean Franc,GNF,2019-01-01 00:01:00+00,
48,Quetzal,GTQ,2019-01-01 00:01:00+00,
49,Guyana Dollar,GYD,2019-01-01 00:01:00+00,
50,Hong Kong Dollar,HKD,2019-01-01 00:01:00+00,
51,Lempira,HNL,2019-01-01 00:01:00+00,
52,Kuna,HRK,2019-01-01 00:01:00+00,
53,Gourde,HTG,2019-01-01 00:01:00+00,
54,Forint,HUF,2019-01-01 00:01:00+00,
55,Rupiah,IDR,2019-01-01 00:01:00+00,
56,New Israeli Sheqel,ILS,2019-01-01 00:01:00+00,
57,Indian Rupee,INR,2019-01-01 00:01:00+00,
58,Iraqi Dinar,IQD,2019-01-01 00:01:00+00,
59,Iceland Krona,ISK,2019-01-01 00:01:00+00,
60,Jamaican Dollar,JMD,2019-01-01 00:01:00+00,
61,Jordanian Dinar,JOD,2019-01-01 00:01:00+00,
62,Yen,JPY,2019-01-01 00:01:00+00,
63,Kenyan Shilling,KES,2019-01-01 00:01:00+00,
64,Som,KGS,2019-01-01 00:01:00+00,
65,Riel,KHR,2019-01-01 00:01:00+00,
66,Comorian Franc ,KMF,2019-01-01 00:01:00+00,
67,Won,KRW,2019-01-01 00:01:00+00,
68,Kuwaiti Dinar,KWD,2019-01-01 00:01:00+00,
69,Cayman Islands Dollar,KYD,2019-01-01 00:01:00+00,
70,Tenge,KZT,2019-01-01 00:01:00+00,
71,Lao Kip,LAK,2019-01-01 00:01:00+00,
72,Lebanese Pound,LBP,2019-01-01 00:01:00+00,
73,Sri Lanka Rupee,LKR,2019-01-01 00:01:00+00,
74,Liberian Dollar,LRD,2019-01-01 00:01:00+00,
75,Loti,LSL,2019-01-01 00:01:00+00,
76,Libyan Dinar,LYD,2019-01-01 00:01:00+00,
77,Moroccan Dirham,MAD,2019-01-01 00:01:00+00,
78,Moldovan Leu,MDL,2019-01-01 00:01:00+00,
79,Malagasy Ariary,MGA,2019-01-01 00:01:00+00,
80,Denar,MKD,2019-01-01 00:01:00+00,
81,Kyat,MMK,2019-01-01 00:01:00+00,
82,Tugrik,MNT,2019-01-01 00:01:00+00,
83,Pataca,MOP,2019-01-01 00:01:00+00,
84,Mauritanian Ouguiya,MRO,2019-01-01 00:01:00+00,
85,Mauritius Rupee,MUR,2019-01-01 00:01:00+00,
86,Rufiyaa,MVR,2019-01-01 00:01:00+00,
87,Malawi Kwacha,MWK,2019-01-01 00:01:00+00,
88,Mexican Peso,MXN,2019-01-01 00:01:00+00,
89,Malaysian Ringgit,MYR,2019-01-01 00:01:00+00,
90,Mozambique Metical,MZN,2019-01-01 00:01:00+00,
91,Naira,NGN,2019-01-01 00:01:00+00,
92,Cordoba Oro,NIO,2019-01-01 00:01:00+00,
93,Norwegian Krone,NOK,2019-01-01 00:01:00+00,
94,Nepalese Rupee,NPR,2019-01-01 00:01:00+00,
95,New Zealand Dollar,NZD,2019-01-01 00:01:00+00,
96,Rial Omani,OMR,2019-01-01 00:01:00+00,
97,Balboa,PAB,2019-01-01 00:01:00+00,
98,Sol,PEN,2019-01-01 00:01:00+00,
99,Kina,PGK,2019-01-01 00:01:00+00,
100,Philippine Peso,PHP,2019-01-01 00:01:00+00,
101,Pakistan Rupee,PKR,2019-01-01 00:01:00+00,
102,Zloty,PLN,2019-01-01 00:01:00+00,
103,Guarani,PYG,2019-01-01 00:01:00+00,
104,Qatari Rial,QAR,2019-01-01 00:01:00+00,
105,Romanian Leu,RON,2019-01-01 00:01:00+00,
106,Serbian Dinar,RSD,2019-01-01 00:01:00+00,
107,Russian Ruble,RUB,2019-01-01 00:01:00+00,
108,Rwanda Franc,RWF,2019-01-01 00:01:00+00,
109,Saudi Riyal,SAR,2019-01-01 00:01:00+00,
110,Solomon Islands Dollar,SBD,2019-01-01 00:01:00+00,
111,Seychelles Rupee,SCR,2019-01-01 00:01:00+00,
112,Sudanese Pound,SDG,2019-01-01 00:01:00+00,
113,Swedish Krona,SEK,2019-01-01 00:01:00+00,
114,Singapore Dollar,SGD,2019-01-01 00:01:00+00,
115,Leone,SLL,2019-01-01 00:01:00+00,
116,Somali Shilling,SOS,2019-01-01 00:01:00+00,
117,Surinam Dollar,SRD,2019-01-01 00:01:00+00,
118,Sao Tomean Dobra,STD,2019-01-01 00:01:00+00,
119,El Salvador Colon,SVC,2019-01-01 00:01:00+00,
120,Lilangeni,SZL,2019-01-01 00:01:00+00,
121,Baht,THB,2019-01-01 00:01:00+00,
122,Turkmenistan New Manat,TMT,2019-01-01 00:01:00+00,
123,Tunisian Dinar,TND,2019-01-01 00:01:00+00,
124,Paâ€™anga,TOP,2019-01-01 00:01:00+00,
125,Turkish Lira,TRY,2019-01-01 00:01:00+00,
126,Trinidad and Tobago Dollar,TTD,2019-01-01 00:01:00+00,
127,New Taiwan Dollar,TWD,2019-01-01 00:01:00+00,
128,Tanzanian Shilling,TZS,2019-01-01 00:01:00+00,
129,Hryvnia,UAH,2019-01-01 00:01:00+00,
130,Uganda Shilling,UGX,2019-01-01 00:01:00+00,
131,US Dollar,USD,2019-01-01 00:01:00+00,
132,Peso Uruguayo,UYU,2019-01-01 00:01:00+00,
133,Uzbekistan Sum,UZS,2019-01-01 00:01:00+00,
134,Venezuelan Bolivar,VEF,2019-01-01 00:01:00+00,
135,Vietnamese Dong,VND,2019-01-01 00:01:00+00,
136,Vatu,VUV,2019-01-01 00:01:00+00,
137,Tala,WST,2019-01-01 00:01:00+00,
138,CFA Franc BEAC,XAF,2019-01-01 00:01:00+00,
139,East Caribbean Dollar,XCD,2019-01-01 00:01:00+00,
140,CFA Franc BCEAO,XOF,2019-01-01 00:01:00+00,
141,CFP Franc,XPF,2019-01-01 00:01:00+00,
142,Yemeni Rial,YER,2019-01-01 00:01:00+00,
143,Rand,ZAR,2019-01-01 00:01:00+00,
144,Zambian Kwacha,ZMW,2019-01-01 00:01:00+00,
145,Zimbabwe Dollar,ZWL,2019-01-01 00:01:00+00,
